"Status","Start Time","Stop Time","Duration in ms","Parent Suite","Suite","Sub Suite","Test Class","Test Method","Name","Description"
"passed","Wed Feb 17 18:54:24 CST 2021","Wed Feb 17 18:54:24 CST 2021","0","","test_calc_new","TestCalc","","","test_sub[sub_int]",""
"failed","Wed Feb 17 18:54:24 CST 2021","Wed Feb 17 18:54:24 CST 2021","1","","test_calc_new","TestCalc","","","test_mul[mul_failed]",""
"passed","Wed Feb 17 18:54:24 CST 2021","Wed Feb 17 18:54:24 CST 2021","0","","test_calc_new","TestCalc","","","test_add[add_minus]",""
"passed","Wed Feb 17 18:54:24 CST 2021","Wed Feb 17 18:54:24 CST 2021","0","","test_calc_new","TestCalc","","","test_div[div_int0]",""
"passed","Wed Feb 17 18:54:24 CST 2021","Wed Feb 17 18:54:24 CST 2021","0","","test_calc_new","TestCalc","","","test_mul[mul_float]",""
"passed","Wed Feb 17 18:54:22 CST 2021","Wed Feb 17 18:54:22 CST 2021","0","","test_calc_new","TestCalc","","","test_add[add_float]",""
"failed","Wed Feb 17 18:54:24 CST 2021","Wed Feb 17 18:54:24 CST 2021","1","","test_calc_new","TestCalc","","","test_sub[sub_failed]",""
"failed","Wed Feb 17 18:54:22 CST 2021","Wed Feb 17 18:54:22 CST 2021","1","","test_calc_new","TestCalc","","","test_add[add_failed]",""
"passed","Wed Feb 17 18:54:24 CST 2021","Wed Feb 17 18:54:24 CST 2021","1","","test_calc_new","TestCalc","","","test_div[div_minus]",""
"passed","Wed Feb 17 18:54:22 CST 2021","Wed Feb 17 18:54:22 CST 2021","1","","test_calc_new","TestCalc","","","test_add[add_bigint]",""
"passed","Wed Feb 17 18:54:22 CST 2021","Wed Feb 17 18:54:22 CST 2021","0","","test_calc_new","TestCalc","","","test_add[add_int]",""
"passed","Wed Feb 17 18:54:24 CST 2021","Wed Feb 17 18:54:24 CST 2021","1","","test_calc_new","TestCalc","","","test_sub[sub_bigint]",""
"broken","Wed Feb 17 18:54:24 CST 2021","Wed Feb 17 18:54:24 CST 2021","1","","test_calc_new","TestCalc","","","test_div[div_failed]",""
"passed","Wed Feb 17 18:54:24 CST 2021","Wed Feb 17 18:54:24 CST 2021","0","","test_calc_new","TestCalc","","","test_div[div_bigint]",""
"passed","Wed Feb 17 18:54:24 CST 2021","Wed Feb 17 18:54:24 CST 2021","1","","test_calc_new","TestCalc","","","test_mul[mul_minus]",""
"passed","Wed Feb 17 18:54:24 CST 2021","Wed Feb 17 18:54:24 CST 2021","1","","test_calc_new","TestCalc","","","test_sub[sub_float]",""
"passed","Wed Feb 17 18:54:24 CST 2021","Wed Feb 17 18:54:24 CST 2021","1","","test_calc_new","TestCalc","","","test_sub[sub_minus]",""
"passed","Wed Feb 17 18:54:24 CST 2021","Wed Feb 17 18:54:24 CST 2021","1","","test_calc_new","TestCalc","","","test_sub[sub_int0]",""
"passed","Wed Feb 17 18:54:24 CST 2021","Wed Feb 17 18:54:24 CST 2021","0","","test_calc_new","TestCalc","","","test_mul[mul_bigint]",""
"passed","Wed Feb 17 18:54:24 CST 2021","Wed Feb 17 18:54:24 CST 2021","1","","test_calc_new","TestCalc","","","test_mul[mul_int0]",""
"passed","Wed Feb 17 18:54:24 CST 2021","Wed Feb 17 18:54:24 CST 2021","0","","test_calc_new","TestCalc","","","test_mul[mul_int]",""
"passed","Wed Feb 17 18:54:24 CST 2021","Wed Feb 17 18:54:24 CST 2021","0","","test_calc_new","TestCalc","","","test_div[div_int]",""
"passed","Wed Feb 17 18:54:24 CST 2021","Wed Feb 17 18:54:24 CST 2021","1","","test_calc_new","TestCalc","","","test_div[div_float]",""
